<assembly
	xmlns="http://maven.apache.org/plugins/maven-assembly-plugin/assembly/1.1.3"
	xmlns:xsi="http://www.w3.org/2001/XMLSchema-instance"
	xsi:schemaLocation="http://maven.apache.org/plugins/maven-assembly-plugin/assembly/1.1.3 http://maven.apache.org/xsd/assembly-1.1.3.xsd">

	<id>ddengineassembly</id>
	<formats>
		<format>dir</format>
	</formats>
	<includeBaseDirectory>false</includeBaseDirectory>
	<baseDirectory></baseDirectory>
	<fileSets>
		<fileSet>
			<directory>${project.build.directory}/appassembler/lib</directory>
			<outputDirectory>ddengine/lib</outputDirectory>
			<fileMode>0644</fileMode>
		</fileSet>
		<fileSet>
			<directory>${project.build.directory}/appassembler/bin</directory>
			<outputDirectory>ddengine/bin</outputDirectory>
			<fileMode>0755</fileMode>
		</fileSet>
		<fileSet>
			<directory>${project.build.directory}/appassembler/conf</directory>
			<outputDirectory>ddengine/conf</outputDirectory>
			<fileMode>0644</fileMode>
		</fileSet> 
	</fileSets>
	<dependencySets>
		<dependencySet>
			<outputDirectory>ddengine/lib</outputDirectory>
			<unpack>false</unpack>
			<scope>system</scope>
		</dependencySet>
	</dependencySets>
</assembly>